,"[0,6)","[6,12)","[12,18)","[18,24)","[24,30)","[30,36)","[36,42)","[42,48)","[48,54)","[54,60)","[60,Inf)",,,"[0,6)","[6,12)","[12,18)","[18,24)","[24,30)","[30,36)","[36,42)","[42,48)","[48,54)","[54,60)","[60,Inf)"
"[0,6)",4.704266055,1.89769818,0.609574874,0.609460152,1.307839273,2.116019805,1.657102248,0.985401397,0.806636156,0.776460584,0.639978276,,"[0,6)",4.704266053,1.897698171,0.609574879,0.609460148,1.307839274,2.116019803,1.657102243,0.985401393,0.806636152,0.776460589,0.63997828
"[6,12)",1.836683378,10.38986096,2.285864739,0.710838675,0.829711403,1.558560979,1.939626244,1.332279074,0.898953916,0.711548022,0.577779678,,"[6,12)",1.836683375,10.38986096,2.285864737,0.710838672,0.829711404,1.55856098,1.939626247,1.332279073,0.898953921,0.71154802,0.577779683
"[12,18)",0.549524734,2.134103194,12.36455044,2.517925085,0.946896355,0.961808153,1.450224654,1.632722384,1.1299624,0.642422267,0.37611747,,"[12,18)",0.549524735,2.134103195,12.36455044,2.517925087,0.946896351,0.961808148,1.450224655,1.632722385,1.129962398,0.642422269,0.376117466
"[18,24)",0.589750942,0.710899004,2.699613464,7.915340025,2.689484717,1.453722216,1.347923882,1.70531668,1.767568589,1.079422502,0.488204081,,"[18,24)",0.589750948,0.710899004,2.699613467,7.915340031,2.689484719,1.453722217,1.347923889,1.705316682,1.767568596,1.079422501,0.488204077
"[24,30)",1.340601616,0.878994084,1.076682418,2.848859791,4.836545007,2.837745359,1.896906756,1.710733423,1.933484685,1.787202019,0.937188264,,"[24,30)",1.34060161,0.878994092,1.076682418,2.848859796,4.836545008,2.837745362,1.896906758,1.710733431,1.933484682,1.787202021,0.937188258
"[30,36)",1.959935855,1.491967825,0.988212621,1.391490447,2.564208627,3.697217323,2.478795462,1.743504735,1.560481745,1.584874319,1.265437345,,"[30,36)",1.959935854,1.491967822,0.988212616,1.391490446,2.564208629,3.69721732,2.478795461,1.743504736,1.560481742,1.584874323,1.265437346
"[36,42)",1.317229738,1.593469668,1.278754917,1.107271853,1.471000565,2.127320034,2.77403771,1.903039373,1.361581113,1.089937218,0.997592053,,"[36,42)",1.317229743,1.593469671,1.278754917,1.107271847,1.471000557,2.127320028,2.774037707,1.903039369,1.361581108,1.089937213,0.997592058
"[42,48)",0.637057832,0.890173008,1.170894713,1.139324398,1.078953335,1.216933053,1.547756154,1.993129894,1.40790729,0.87657625,0.594722913,,"[42,48)",0.63705783,0.890173001,1.170894715,1.139324396,1.078953339,1.216933053,1.547756149,1.993129891,1.40790729,0.876576244,0.594722913
"[48,54)",0.443577126,0.510907662,0.689279342,1.004487196,1.037258089,0.926462875,0.941938951,1.197568515,1.632138606,1.038077556,0.522250326,,"[48,54)",0.443577124,0.510907656,0.689279339,1.004487199,1.037258083,0.926462882,0.941938953,1.197568515,1.632138612,1.038077558,0.522250323
"[54,60)",0.34227222,0.324167881,0.31413233,0.491722835,0.768564853,0.754266703,0.604423721,0.59769036,0.832129717,1.197309055,0.645551511,,"[54,60)",0.342272221,0.324167876,0.314132333,0.491722836,0.768564848,0.754266702,0.604423718,0.597690362,0.83212971,1.197309053,0.645551511
"[60,Inf)",0.241592997,0.225421275,0.157500678,0.190457109,0.345144205,0.515748088,0.473761614,0.347270662,0.358514208,0.552838031,0.845500305,,"[60,Inf)",0.241592998,0.225421269,0.157500683,0.190457109,0.345144203,0.515748086,0.473761622,0.34727066,0.358514208,0.552838031,0.845500313
,,,,,,,,,,,,,,,,,,,,,,,,
home,,,,,,,,,,,,,,,,,,,,,,,,
,"[0,6)","[6,12)","[12,18)","[18,24)","[24,30)","[30,36)","[36,42)","[42,48)","[48,54)","[54,60)","[60,Inf)",,,,,,,,,,,,,
"[0,6)",1.03271958,0.77691447,0.33526403,0.33817654,0.70596841,1.06500188,0.74097387,0.3633903,0.28881272,0.34041067,0.31225139,,,,,,,,,,,,,
"[6,12)",0.75172619,1.3780539,0.71473139,0.24086537,0.29079805,0.7475571,1.06517746,0.63030348,0.29232129,0.23440774,0.26232321,,,,,,,,,,,,,
"[12,18)",0.30223666,0.66591159,1.14261132,0.52337816,0.18784072,0.26505436,0.63875056,0.79714341,0.45157588,0.20877223,0.1534694,,,,,,,,,,,,,
"[18,24)",0.32724032,0.24088581,0.56179612,1.05381703,0.49063793,0.20703501,0.27525792,0.57865667,0.6946357,0.38693977,0.15211356,,,,,,,,,,,,,
"[24,30)",0.72365344,0.3080707,0.21358706,0.51973643,0.89024592,0.47480119,0.19715204,0.22942643,0.47114696,0.55917803,0.27170859,,,,,,,,,,,,,
"[30,36)",0.98644416,0.71561597,0.27233088,0.19817214,0.42903089,0.76459764,0.4017366,0.14985168,0.17580279,0.36663436,0.40227527,,,,,,,,,,,,,
"[36,42)",0.58899976,0.87507992,0.56322682,0.22611465,0.15288614,0.3447716,0.61053142,0.3037,0.11695816,0.14357294,0.29002228,,,,,,,,,,,,,
"[42,48)",0.23493029,0.42114235,0.57166547,0.38660131,0.14469841,0.10459361,0.24700074,0.45790471,0.24293065,0.09743345,0.11201326,,,,,,,,,,,,,
"[48,54)",0.15882095,0.16613664,0.2754622,0.39475281,0.25275659,0.10437467,0.08091141,0.206637,0.42821463,0.23249504,0.07778496,,,,,,,,,,,,,
"[54,60)",0.1500567,0.10679175,0.10208567,0.17626751,0.24046782,0.17448708,0.07961825,0.06643465,0.18636934,0.38876783,0.17678309,,,,,,,,,,,,,
"[60,Inf)",0.11787548,0.10234564,0.06426592,0.05934221,0.10006383,0.16395336,0.13773308,0.06540679,0.05339779,0.15139363,0.32494735,,,,,,,,,,,,,
,,,,,,,,,,,,,,,,,,,,,,,,
work,,,,,,,,,,,,,,,,,,,,,,,,
,"[0,6)","[6,12)","[12,18)","[18,24)","[24,30)","[30,36)","[36,42)","[42,48)","[48,54)","[54,60)","[60,Inf)",,,,,,,,,,,,,
"[0,6)",0.00568785,0.0057301,0.00648037,0.0169498,0.03922499,0.06144337,0.06892081,0.06466613,0.05095933,0.02861329,0.00968254,,,,,,,,,,,,,
"[6,12)",0.00554433,0.01975742,0.01569125,0.03929558,0.06639875,0.07406253,0.07079032,0.06956076,0.06327132,0.04312683,0.01868409,,,,,,,,,,,,,
"[12,18)",0.00584198,0.01461946,0.05355323,0.12951584,0.13649207,0.12258529,0.11177952,0.11163245,0.10458058,0.07544713,0.03748379,,,,,,,,,,,,,
"[18,24)",0.01640167,0.03929892,0.1390228,0.68635877,0.60907031,0.4717309,0.41972201,0.39924848,0.35353628,0.2423307,0.11610241,,,,,,,,,,,,,
"[24,30)",0.0402076,0.07034266,0.15520031,0.64519273,1.19245973,1.05140364,0.90147402,0.80455272,0.67622096,0.45337464,0.21792466,,,,,,,,,,,,,
"[30,36)",0.05691112,0.07089804,0.12595062,0.45153677,0.95004952,1.26027099,1.10195621,0.92580565,0.7502018,0.49361211,0.23079809,,,,,,,,,,,,,
"[36,42)",0.05478512,0.05815668,0.09856308,0.3447868,0.69906904,0.94570226,1.00896516,0.86846722,0.69032308,0.44426455,0.19771286,,,,,,,,,,,,,
"[42,48)",0.04180638,0.04647758,0.08005638,0.26673845,0.50742847,0.64619469,0.70632877,0.78881496,0.66534686,0.41805503,0.17761053,,,,,,,,,,,,,
"[48,54)",0.02802303,0.03595935,0.06379436,0.20091026,0.3627728,0.44539715,0.47756406,0.56594455,0.60008111,0.38696954,0.15859018,,,,,,,,,,,,,
"[54,60)",0.01261305,0.01964777,0.03689222,0.11039194,0.19496834,0.23491779,0.24636651,0.28504932,0.31019697,0.24180024,0.10501685,,,,,,,,,,,,,
"[60,Inf)",0.00365518,0.00728961,0.01569649,0.04529362,0.08025648,0.09406524,0.09389486,0.10371036,0.10886893,0.0899344,0.05985746,,,,,,,,,,,,,
,,,,,,,,,,,,,,,,,,,,,,,,
school,,,,,,,,,,,,,,,,,,,,,,,,
,"[0,6)","[6,12)","[12,18)","[18,24)","[24,30)","[30,36)","[36,42)","[42,48)","[48,54)","[54,60)","[60,Inf)",,,,,,,,,,,,,
"[0,6)",2.166628805,0.38195092,0.046783798,0.063023489,0.150044496,0.205495714,0.181131413,0.162281932,0.138760444,0.086458687,0.033770288,,,,,,,,,,,,,
"[6,12)",0.370078036,5.406812021,0.476055458,0.118514313,0.19155746,0.297109934,0.282533748,0.27626579,0.310720685,0.21371268,0.066514346,,,,,,,,,,,,,
"[12,18)",0.042175056,0.447913122,6.835791897,0.573773496,0.174221833,0.198647963,0.263277668,0.280172889,0.276189934,0.18434156,0.047772158,,,,,,,,,,,,,
"[18,24)",0.060985385,0.118524371,0.612753703,2.228893363,0.287632386,0.119897351,0.134049159,0.176669438,0.155081047,0.084091249,0.023723516,,,,,,,,,,,,,
"[24,30)",0.153803222,0.202935471,0.198101496,0.304559667,0.323398006,0.117809781,0.050081697,0.052612477,0.061405989,0.038276644,0.012712809,,,,,,,,,,,,,
"[30,36)",0.190337735,0.284415219,0.204101435,0.114764717,0.106471763,0.17514116,0.08327361,0.036479091,0.042898641,0.048063539,0.022002592,,,,,,,,,,,,,
"[36,42)",0.143981268,0.232111191,0.232148593,0.110116648,0.038837019,0.0714757,0.112320835,0.057655657,0.037718509,0.041939646,0.025398955,,,,,,,,,,,,,
"[42,48)",0.104914582,0.184589216,0.200923903,0.118033093,0.033182498,0.02546171,0.046896271,0.054928778,0.038526583,0.01898821,0.009242782,,,,,,,,,,,,,
"[48,54)",0.076305728,0.176593679,0.168476417,0.088130626,0.032942521,0.025469057,0.026093585,0.032772229,0.052009159,0.027929751,0.00797245,,,,,,,,,,,,,
"[54,60)",0.038111924,0.097363473,0.090139534,0.038307138,0.016460413,0.022874197,0.023257594,0.012947043,0.022389511,0.021889652,0.009563916,,,,,,,,,,,,,
"[60,Inf)",0.012748347,0.025950634,0.02000478,0.009254966,0.004681826,0.008967488,0.012062095,0.005397046,0.005472924,0.008190529,0.013681955,,,,,,,,,,,,,
,,,,,,,,,,,,,,,,,,,,,,,,
other,,,,,,,,,,,,,,,,,,,,,,,,
,"[0,6)","[6,12)","[12,18)","[18,24)","[24,30)","[30,36)","[36,42)","[42,48)","[48,54)","[54,60)","[60,Inf)",,,,,,,,,,,,,
"[0,6)",1.499229818,0.733102681,0.221046681,0.191310319,0.412601378,0.78407884,0.66607615,0.395063032,0.328103659,0.320977942,0.284274062,,,,,,,,,,,,,
"[6,12)",0.709334819,3.585237622,1.079386639,0.312163409,0.280957143,0.439831416,0.521124719,0.356149043,0.232640625,0.220300771,0.230258037,,,,,,,,,,,,,
"[12,18)",0.199271039,1.005659024,4.332593993,1.291257591,0.448341728,0.375520535,0.436416907,0.443773636,0.297616004,0.173861349,0.137392118,,,,,,,,,,,,,
"[18,24)",0.185123573,0.312189903,1.386040844,3.946270868,1.302144094,0.655058956,0.518894801,0.550742094,0.564315569,0.366060783,0.196264591,,,,,,,,,,,,,
"[24,30)",0.422937348,0.297645261,0.509793552,1.37937097,2.430441353,1.193730751,0.748199001,0.624141804,0.724710772,0.736372706,0.434842199,,,,,,,,,,,,,
"[30,36)",0.726242839,0.421038593,0.38582968,0.627016819,1.078656456,1.497207529,0.891829041,0.631368315,0.591578511,0.676564314,0.610361394,,,,,,,,,,,,,
"[36,42)",0.529463595,0.42812188,0.384816424,0.426253749,0.580208358,0.765370468,1.042220292,0.673216492,0.516581359,0.460160077,0.484457963,,,,,,,,,,,,,
"[42,48)",0.255406578,0.237963856,0.318248962,0.367951544,0.393643961,0.440683043,0.547530368,0.691481443,0.461103197,0.342099554,0.295856341,,,,,,,,,,,,,
"[48,54)",0.180427417,0.132217988,0.181546363,0.320693503,0.388786173,0.351222006,0.357369898,0.392214735,0.551833713,0.390683227,0.277902733,,,,,,,,,,,,,
"[54,60)",0.141490547,0.100364883,0.085014909,0.166756247,0.316668275,0.321987635,0.255181364,0.23325935,0.31317389,0.544851331,0.354187655,,,,,,,,,,,,,
"[60,Inf)",0.107313991,0.089835386,0.057533493,0.076566313,0.160142066,0.248761998,0.230071587,0.172756464,0.190774564,0.303319472,0.447013548,,,,,,,,,,,,,